barcode	position
GGTGGCCGCACGCCAAGGTA	Cassette1_1
GGTGGCCTCACGCCAAGGTA	Cassette1_1
GGTGGCCAGGTGCCAAGGTA	Cassette1_2
GGTGGCCATGTGCCAAGGTA	Cassette1_2
GGTGGCCATGCCCCAAGGTA	Cassette1_3
GGTGGCCATTCCCCAAGGTA	Cassette1_3
GGTGGCCGCGGCCCAAGGTA	Cassette1_4
GGTGGCCGCGTCCCAAGGTA	Cassette1_4
GGTGGCCGTATGCCAAGGTA	Cassette1_5
GGTGGCCGTATTCCAAGGTA	Cassette1_5
GGTGGCCACATCGCAAGGTA	Cassette1_6
GGTGGCCACATCTCAAGGTA	Cassette1_6
GGTGGCCATACGAGAAGGTA	Cassette1_7
GGTGGCCATACGATAAGGTA	Cassette1_7
GGTGGCCATGTCACGAGGTA	Cassette1_8
GGTGGCCATGTCACTAGGTA	Cassette1_8
TGCGCCAGACTACCCCCTCA	Cassette2_1
TGCGCCATACTACCCCCTCA	Cassette2_1
TGCGCCACGGGACCCCCTCA	Cassette2_2
TGCGCCACTGGACCCCCTCA	Cassette2_2
TGCGCCACGGTTCCCCCTCA	Cassette2_3
TGCGCCACGTTTCCCCCTCA	Cassette2_3
TGCGCCAAAGGTCCCCCTCA	Cassette2_4
TGCGCCAAAGTTCCCCCTCA	Cassette2_4
TGCGCCAAGCGGCCCCCTCA	Cassette2_5
TGCGCCAAGCGTCCCCCTCA	Cassette2_5
TGCGCCACACGTGCCCCTCA	Cassette2_6
TGCGCCACACGTTCCCCTCA	Cassette2_6
TGCGCCACAGTTAGCCCTCA	Cassette2_7
TGCGCCACAGTTATCCCTCA	Cassette2_7
TGCGCCACGCTAACGCCTCA	Cassette2_8
TGCGCCACGCTAACTCCTCA	Cassette2_8
GGTACCCGTCCACGCCCCGG	Cassette3_1
GGTACCCTTCCACGCCCCGG	Cassette3_1
GGTACCCTGTAACGCCCCGG	Cassette3_2
GGTACCCTTTAACGCCCCGG	Cassette3_2
GGTACCCCCGAGCGCCCCGG	Cassette3_3
GGTACCCCCTAGCGCCCCGG	Cassette3_3
GGTACCCCCCGATGCCCCGG	Cassette3_4
GGTACCCCCCTATGCCCCGG	Cassette3_4
GGTACCCCTTCGTGCCCCGG	Cassette3_5
GGTACCCCTTCTTGCCCCGG	Cassette3_5
GGTACCCTCTCGGGCCCCGG	Cassette3_6
GGTACCCTCTCGTGCCCCGG	Cassette3_6
GGTACCCTTCAGCGCCCCGG	Cassette3_7
GGTACCCTTCAGCTCCCCGG	Cassette3_7
GGTACCCCTCAGTGGCCCGG	Cassette3_8
GGTACCCCTCAGTGTCCCGG	Cassette3_8
CTCACGCGTTGGCACCGGCT	Cassette4_1
CTCACGCTTTGGCACCGGCT	Cassette4_1
CTCACGCTGCAGCACCGGCT	Cassette4_2
CTCACGCTTCAGCACCGGCT	Cassette4_2
CTCACGCTCGGACACCGGCT	Cassette4_3
CTCACGCTCTGACACCGGCT	Cassette4_3
CTCACGCCTCGACACCGGCT	Cassette4_4
CTCACGCCTCTACACCGGCT	Cassette4_4
CTCACGCCCTAGCACCGGCT	Cassette4_5
CTCACGCCCTATCACCGGCT	Cassette4_5
CTCACGCTTTAAGACCGGCT	Cassette4_6
CTCACGCTTTAATACCGGCT	Cassette4_6
CTCACGCTTCGATGCCGGCT	Cassette4_7
CTCACGCTTCGATTCCGGCT	Cassette4_7
CTCACGCTCTGGTAGCGGCT	Cassette4_8
CTCACGCTCTGGTATCGGCT	Cassette4_8
CCGGCACGACCTCGCGCGTC	Cassette5_1
CCGGCACTACCTCGCGCGTC	Cassette5_1
CCGGCACTGGTTCGCGCGTC	Cassette5_2
CCGGCACTTGTTCGCGCGTC	Cassette5_2
CCGGCACCAGTGCGCGCGTC	Cassette5_3
CCGGCACCATTGCGCGCGTC	Cassette5_3
CCGGCACTGCGGCGCGCGTC	Cassette5_4
CCGGCACTGCTGCGCGCGTC	Cassette5_4
CCGGCACCAGCGAGCGCGTC	Cassette5_5
CCGGCACCAGCTAGCGCGTC	Cassette5_5
CCGGCACCGCTTGGCGCGTC	Cassette5_6
CCGGCACCGCTTTGCGCGTC	Cassette5_6
CCGGCACTAGCGCGCGCGTC	Cassette5_7
CCGGCACTAGCGCTCGCGTC	Cassette5_7
CCGGCACCGCCGAGGGCGTC	Cassette5_8
CCGGCACCGCCGAGTGCGTC	Cassette5_8
GGCTCGCGTCTCCCCGCGCC	Cassette6_1
GGCTCGCTTCTCCCCGCGCC	Cassette6_1
GGCTCGCCGGGCCCCGCGCC	Cassette6_2
GGCTCGCCTGGCCCCGCGCC	Cassette6_2
GGCTCGCCCGTTCCCGCGCC	Cassette6_3
GGCTCGCCCTTTCCCGCGCC	Cassette6_3
GGCTCGCGTGGTCCCGCGCC	Cassette6_4
GGCTCGCGTGTTCCCGCGCC	Cassette6_4
GGCTCGCGCCGGCCCGCGCC	Cassette6_5
GGCTCGCGCCGTCCCGCGCC	Cassette6_5
GGCTCGCCTCGTGCCGCGCC	Cassette6_6
GGCTCGCCTCGTTCCGCGCC	Cassette6_6
GGCTCGCCTGTTTGCGCGCC	Cassette6_7
GGCTCGCCTGTTTTCGCGCC	Cassette6_7
GGCTCGCCCCTCTCGGCGCC	Cassette6_8
GGCTCGCCCCTCTCTGCGCC	Cassette6_8
CGTCCCCGAGTCCCCGCCCT	Cassette7_1
CGTCCCCTAGTCCCCGCCCT	Cassette7_1
CGTCCCCAGGCTCCCGCCCT	Cassette7_2
CGTCCCCATGCTCCCGCCCT	Cassette7_2
CGTCCCCGCGTTCCCGCCCT	Cassette7_3
CGTCCCCGCTTTCCCGCCCT	Cassette7_3
CGTCCCCACGGCACCGCCCT	Cassette7_4
CGTCCCCACGTCACCGCCCT	Cassette7_4
CGTCCCCGAGCGACCGCCCT	Cassette7_5
CGTCCCCGAGCTACCGCCCT	Cassette7_5
CGTCCCCACGTTGACGCCCT	Cassette7_6
CGTCCCCACGTTTACGCCCT	Cassette7_6
CGTCCCCACGTCCGTGCCCT	Cassette7_7
CGTCCCCACGTCCTTGCCCT	Cassette7_7
CGTCCCCAAGTTACGGCCCT	Cassette7_8
CGTCCCCAAGTTACTGCCCT	Cassette7_8
CGCCCCCGTTCTCCGACCCC	Cassette8_1
CGCCCCCTTTCTCCGACCCC	Cassette8_1
CGCCCCCAGCATCCGACCCC	Cassette8_2
CGCCCCCATCATCCGACCCC	Cassette8_2
CGCCCCCACGCCCCGACCCC	Cassette8_3
CGCCCCCACTCCCCGACCCC	Cassette8_3
CGCCCCCGTCGCCCGACCCC	Cassette8_4
CGCCCCCGTCTCCCGACCCC	Cassette8_4
CGCCCCCGCTAGCCGACCCC	Cassette8_5
CGCCCCCGCTATCCGACCCC	Cassette8_5
CGCCCCCATTACGCGACCCC	Cassette8_6
CGCCCCCATTACTCGACCCC	Cassette8_6
CGCCCCCATCCCTGGACCCC	Cassette8_7
CGCCCCCATCCCTTGACCCC	Cassette8_7
CGCCCCCACTCTTCGACCCC	Cassette8_8
CGCCCCCACTCTTCTACCCC	Cassette8_8
CCCTCCGGTTCCGGCCCCGG	Cassette9_1
CCCTCCGTTTCCGGCCCCGG	Cassette9_1
CCCTCCGGGCTCGGCCCCGG	Cassette9_2
CCCTCCGGTCTCGGCCCCGG	Cassette9_2
CCCTCCGGCGCTGGCCCCGG	Cassette9_3
CCCTCCGGCTCTGGCCCCGG	Cassette9_3
CCCTCCGATCGTGGCCCCGG	Cassette9_4
CCCTCCGATCTTGGCCCCGG	Cassette9_4
CCCTCCGACTTGGGCCCCGG	Cassette9_5
CCCTCCGACTTTGGCCCCGG	Cassette9_5
CCCTCCGGTTTTGGCCCCGG	Cassette9_6
CCCTCCGGTTTTTGCCCCGG	Cassette9_6
CCCTCCGGTCCTAGCCCCGG	Cassette9_7
CCCTCCGGTCCTATCCCCGG	Cassette9_7
CCCTCCGGCTCCAGGCCCGG	Cassette9_8
CCCTCCGGCTCCAGTCCCGG	Cassette9_8
CCCCGGCGTTGGCTCCCGGC	Cassette10_1
CCCCGGCTTTGGCTCCCGGC	Cassette10_1
CCCCGGCTGCTGCTCCCGGC	Cassette10_2
CCCCGGCTTCTGCTCCCGGC	Cassette10_2
CCCCGGCTCGGACTCCCGGC	Cassette10_3
CCCCGGCTCTGACTCCCGGC	Cassette10_3
CCCCGGCCTCGACTCCCGGC	Cassette10_4
CCCCGGCCTCTACTCCCGGC	Cassette10_4
CCCCGGCCCTTGCTCCCGGC	Cassette10_5
CCCCGGCCCTTTCTCCCGGC	Cassette10_5
CCCCGGCTTTTAGTCCCGGC	Cassette10_6
CCCCGGCTTTTATTCCCGGC	Cassette10_6
CCCCGGCTCTTGTGCCCGGC	Cassette10_7
CCCCGGCTCTTGTTCCCGGC	Cassette10_7
CCCCGGCTCCTATTGCCGGC	Cassette10_8
CCCCGGCTCCTATTTCCGGC	Cassette10_8
CCGGCTCGAAGCCCCACGCC	Cassette11_1
CCGGCTCTAAGCCCCACGCC	Cassette11_1
CCGGCTCTGGACCCCACGCC	Cassette11_2
CCGGCTCTTGACCCCACGCC	Cassette11_2
CCGGCTCCCGATCCCACGCC	Cassette11_3
CCGGCTCCCTATCCCACGCC	Cassette11_3
CCGGCTCCCAGCTCCACGCC	Cassette11_4
CCGGCTCCCATCTCCACGCC	Cassette11_4
CCGGCTCCAGGGTCCACGCC	Cassette11_5
CCGGCTCCAGGTTCCACGCC	Cassette11_5
CCGGCTCTCGGTGCCACGCC	Cassette11_6
CCGGCTCTCGGTTCCACGCC	Cassette11_6
CCGGCTCTAAATCGCACGCC	Cassette11_7
CCGGCTCTAAATCTCACGCC	Cassette11_7
CCGGCTCCAAATTCGACGCC	Cassette11_8
CCGGCTCCAAATTCTACGCC	Cassette11_8
CGGCCCCGTGACCCAGCCGC	Cassette12_1
CGGCCCCTTGACCCAGCCGC	Cassette12_1
CGGCCCCGGGCTCCAGCCGC	Cassette12_2
CGGCCCCGTGCTCCAGCCGC	Cassette12_2
CGGCCCCACGATCCAGCCGC	Cassette12_3
CGGCCCCACTATCCAGCCGC	Cassette12_3
CGGCCCCGCGGCTCAGCCGC	Cassette12_4
CGGCCCCGCGTCTCAGCCGC	Cassette12_4
CGGCCCCATGCGTCAGCCGC	Cassette12_5
CGGCCCCATGCTTCAGCCGC	Cassette12_5
CGGCCCCGTGCCGAAGCCGC	Cassette12_6
CGGCCCCGTGCCTAAGCCGC	Cassette12_6
CGGCCCCGTGATTGAGCCGC	Cassette12_7
CGGCCCCGTGATTTAGCCGC	Cassette12_7
CGGCCCCGCGCTTAGGCCGC	Cassette12_8
CGGCCCCGCGCTTATGCCGC	Cassette12_8
CGCCCCAGTTGCGCGGCGCC	Cassette13_1
CGCCCCATTTGCGCGGCGCC	Cassette13_1
CGCCCCACGCACGCGGCGCC	Cassette13_2
CGCCCCACTCACGCGGCGCC	Cassette13_2
CGCCCCACCGGAGCGGCGCC	Cassette13_3
CGCCCCACCTGAGCGGCGCC	Cassette13_3
CGCCCCAGTCGAGCGGCGCC	Cassette13_4
CGCCCCAGTCTAGCGGCGCC	Cassette13_4
CGCCCCAGCTAGGCGGCGCC	Cassette13_5
CGCCCCAGCTATGCGGCGCC	Cassette13_5
CGCCCCACTTAAGCGGCGCC	Cassette13_6
CGCCCCACTTAATCGGCGCC	Cassette13_6
CGCCCCACTCGCAGGGCGCC	Cassette13_7
CGCCCCACTCGCATGGCGCC	Cassette13_7
CGCCCCACCCAAACGGCGCC	Cassette13_8
CGCCCCACCCAAACTGCGCC	Cassette13_8
CCGCGCGGAACCCCCGCCAG	Cassette14_1
CCGCGCGTAACCCCCGCCAG	Cassette14_1
CCGCGCGCGGTCCCCGCCAG	Cassette14_2
CCGCGCGCTGTCCCCGCCAG	Cassette14_2
CCGCGCGCCGCTCCCGCCAG	Cassette14_3
CCGCGCGCCTCTCCCGCCAG	Cassette14_3
CCGCGCGGAGGTCCCGCCAG	Cassette14_4
CCGCGCGGAGTTCCCGCCAG	Cassette14_4
CCGCGCGGCATGCCCGCCAG	Cassette14_5
CCGCGCGGCATTCCCGCCAG	Cassette14_5
CCGCGCGCAATTGCCGCCAG	Cassette14_6
CCGCGCGCAATTTCCGCCAG	Cassette14_6
CCGCGCGCCACCAGCGCCAG	Cassette14_7
CCGCGCGCCACCATCGCCAG	Cassette14_7
CCGCGCGCCGTTACGGCCAG	Cassette14_8
CCGCGCGCCGTTACTGCCAG	Cassette14_8
CGCCCCCGAAAGCGCGCCCC	Cassette15_1
CGCCCCCTAAAGCGCGCCCC	Cassette15_1
CGCCCCCAGCGGCGCGCCCC	Cassette15_2
CGCCCCCATCGGCGCGCCCC	Cassette15_2
CGCCCCCACGAACGCGCCCC	Cassette15_3
CGCCCCCACTAACGCGCCCC	Cassette15_3
CGCCCCCGACGACGCGCCCC	Cassette15_4
CGCCCCCGACTACGCGCCCC	Cassette15_4
CGCCCCCGCAGGCGCGCCCC	Cassette15_5
CGCCCCCGCAGTCGCGCCCC	Cassette15_5
CGCCCCCAAAGAGGCGCCCC	Cassette15_6
CGCCCCCAAAGATGCGCCCC	Cassette15_6
CGCCCCCAACAATGCGCCCC	Cassette15_7
CGCCCCCAACAATTCGCCCC	Cassette15_7
CGCCCCCACCGATGGGCCCC	Cassette15_8
CGCCCCCACCGATGTGCCCC	Cassette15_8
CCAGCGCGTTCCCCGCCCCC	Cassette16_1
CCAGCGCTTTCCCCGCCCCC	Cassette16_1
CCAGCGCAGCTCCCGCCCCC	Cassette16_2
CCAGCGCATCTCCCGCCCCC	Cassette16_2
CCAGCGCACGCTCCGCCCCC	Cassette16_3
CCAGCGCACTCTCCGCCCCC	Cassette16_3
CCAGCGCGTCGTCCGCCCCC	Cassette16_4
CCAGCGCGTCTTCCGCCCCC	Cassette16_4
CCAGCGCGCTTGCCGCCCCC	Cassette16_5
CCAGCGCGCTTTCCGCCCCC	Cassette16_5
CCAGCGCATTTTGCGCCCCC	Cassette16_6
CCAGCGCATTTTTCGCCCCC	Cassette16_6
CCAGCGCATCCTTGGCCCCC	Cassette16_7
CCAGCGCATCCTTTGCCCCC	Cassette16_7
CCAGCGCACTCCTCGCCCCC	Cassette16_8
CCAGCGCACTCCTCTCCCCC	Cassette16_8
CCCCCCGGATCCGCCGCGGA	Cassette17_1
CCCCCCGTATCCGCCGCGGA	Cassette17_1
CCCCCCGTGCTCGCCGCGGA	Cassette17_2
CCCCCCGTTCTCGCCGCGGA	Cassette17_2
CCCCCCGTCGCTGCCGCGGA	Cassette17_3
CCCCCCGTCTCTGCCGCGGA	Cassette17_3
CCCCCCGCACGTGCCGCGGA	Cassette17_4
CCCCCCGCACTTGCCGCGGA	Cassette17_4
CCCCCCGCCTTGGCCGCGGA	Cassette17_5
CCCCCCGCCTTTGCCGCGGA	Cassette17_5
CCCCCCGTATTTGCCGCGGA	Cassette17_6
CCCCCCGTATTTTCCGCGGA	Cassette17_6
CCCCCCGTACCTAGCGCGGA	Cassette17_7
CCCCCCGTACCTATCGCGGA	Cassette17_7
CCCCCCGTCTTCACGGCGGA	Cassette17_8
CCCCCCGTCTTCACTGCGGA	Cassette17_8
CCCCGCCGTGGGCGCGGCCC	Cassette18_1
CCCCGCCTTGGGCGCGGCCC	Cassette18_1
CCCCGCCAGGGATGCGGCCC	Cassette18_2
CCCCGCCATGGATGCGGCCC	Cassette18_2
CCCCGCCGCGGGTGCGGCCC	Cassette18_3
CCCCGCCGCTGGTGCGGCCC	Cassette18_3
CCCCGCCGCGGGCACGGCCC	Cassette18_4
CCCCGCCGCGTGCACGGCCC	Cassette18_4
CCCCGCCGTGGGTACGGCCC	Cassette18_5
CCCCGCCGTGGTTACGGCCC	Cassette18_5
CCCCGCCGCGGAGATGGCCC	Cassette18_6
CCCCGCCGCGGATATGGCCC	Cassette18_6
CCCCGCCACGGGCGTGGCCC	Cassette18_7
CCCCGCCACGGGCTTGGCCC	Cassette18_7
CCCCGCCATGGACAGGGCCC	Cassette18_8
CCCCGCCATGGACATGGCCC	Cassette18_8
CGGACGCGATCCCCCCCCGC	Cassette19_1
CGGACGCTATCCCCCCCCGC	Cassette19_1
CGGACGCAGCTCCCCCCCGC	Cassette19_2
CGGACGCATCTCCCCCCCGC	Cassette19_2
CGGACGCAGGCTCCCCCCGC	Cassette19_3
CGGACGCAGTCTCCCCCCGC	Cassette19_3
CGGACGCGACGTCCCCCCGC	Cassette19_4
CGGACGCGACTTCCCCCCGC	Cassette19_4
CGGACGCGGTTGCCCCCCGC	Cassette19_5
CGGACGCGGTTTCCCCCCGC	Cassette19_5
CGGACGCAATTTGCCCCCGC	Cassette19_6
CGGACGCAATTTTCCCCCGC	Cassette19_6
CGGACGCAACCCAGCCCCGC	Cassette19_7
CGGACGCAACCCATCCCCGC	Cassette19_7
CGGACGCAGTCCACGCCCGC	Cassette19_8
CGGACGCAGTCCACTCCCGC	Cassette19_8
GCCCCCCGATGCGCGTCGGC	Cassette20_1
GCCCCCCTATGCGCGTCGGC	Cassette20_1
GCCCCCCTGCACGCGTCGGC	Cassette20_2
GCCCCCCTTCACGCGTCGGC	Cassette20_2
GCCCCCCTCGGTGCGTCGGC	Cassette20_3
GCCCCCCTCTGTGCGTCGGC	Cassette20_3
GCCCCCCCACGTGCGTCGGC	Cassette20_4
GCCCCCCCACTTGCGTCGGC	Cassette20_4
GCCCCCCCCTAGGCGTCGGC	Cassette20_5
GCCCCCCCCTATGCGTCGGC	Cassette20_5
GCCCCCCTATATGCGTCGGC	Cassette20_6
GCCCCCCTATATTCGTCGGC	Cassette20_6
GCCCCCCTCTGCAGGTCGGC	Cassette20_7
GCCCCCCTCTGCATGTCGGC	Cassette20_7
GCCCCCCTCCATACGTCGGC	Cassette20_8
GCCCCCCTCCATACTTCGGC	Cassette20_8
CCGCGCGGTCGCGACGGCCC	Cassette21_1
CCGCGCGTTCGCGACGGCCC	Cassette21_1
CCGCGCGGGGGTGACGGCCC	Cassette21_2
CCGCGCGGTGGTGACGGCCC	Cassette21_2
CCGCGCGTTGGTCACGGCCC	Cassette21_3
CCGCGCGTTTGTCACGGCCC	Cassette21_3
CCGCGCGTCCGTGACGGCCC	Cassette21_4
CCGCGCGTCCTTGACGGCCC	Cassette21_4
CCGCGCGGCCGGCACGGCCC	Cassette21_5
CCGCGCGGCCGTCACGGCCC	Cassette21_5
CCGCGCGTTGGCGGCGGCCC	Cassette21_6
CCGCGCGTTGGCTGCGGCCC	Cassette21_6
CCGCGCGTTCGTGGTGGCCC	Cassette21_7
CCGCGCGTTCGTGTTGGCCC	Cassette21_7
CCGCGCGGTGGCCAGGGCCC	Cassette21_8
CCGCGCGGTGGCCATGGCCC	Cassette21_8
CGGCGACGATCCGCGCGCGC	Cassette22_1
CGGCGACTATCCGCGCGCGC	Cassette22_1
CGGCGACAGCTCGCGCGCGC	Cassette22_2
CGGCGACATCTCGCGCGCGC	Cassette22_2
CGGCGACGAGTTGCGCGCGC	Cassette22_3
CGGCGACGATTTGCGCGCGC	Cassette22_3
CGGCGACAGTGTGCGCGCGC	Cassette22_4
CGGCGACAGTTTGCGCGCGC	Cassette22_4
CGGCGACGACCGACGCGCGC	Cassette22_5
CGGCGACGACCTACGCGCGC	Cassette22_5
CGGCGACGGTTCGCGCGCGC	Cassette22_6
CGGCGACGGTTCTCGCGCGC	Cassette22_6
CGGCGACAACCTGGGCGCGC	Cassette22_7
CGGCGACAACCTGTGCGCGC	Cassette22_7
CGGCGACGGTCTACGCGCGC	Cassette22_8
CGGCGACGGTCTACTCGCGC	Cassette22_8
GCCCGCGGATGCGCCCCCCG	Cassette23_1
GCCCGCGTATGCGCCCCCCG	Cassette23_1
GCCCGCGAGCACGCCCCCCG	Cassette23_2
GCCCGCGATCACGCCCCCCG	Cassette23_2
GCCCGCGAGGGTGCCCCCCG	Cassette23_3
GCCCGCGAGTGTGCCCCCCG	Cassette23_3
GCCCGCGCACGTGCCCCCCG	Cassette23_4
GCCCGCGCACTTGCCCCCCG	Cassette23_4
GCCCGCGCGTAGGCCCCCCG	Cassette23_5
GCCCGCGCGTATGCCCCCCG	Cassette23_5
GCCCGCGAATATGCCCCCCG	Cassette23_6
GCCCGCGAATATTCCCCCCG	Cassette23_6
GCCCGCGAGTACAGCCCCCG	Cassette23_7
GCCCGCGAGTACATCCCCCG	Cassette23_7
GCCCGCGAGCATACGCCCCG	Cassette23_8
GCCCGCGAGCATACTCCCCG	Cassette23_8
GCGCGCCGTTCGCCCGCCTC	Cassette24_1
GCGCGCCTTTCGCCCGCCTC	Cassette24_1
GCGCGCCTGCTGCCCGCCTC	Cassette24_2
GCGCGCCTTCTGCCCGCCTC	Cassette24_2
GCGCGCCTCGCACCCGCCTC	Cassette24_3
GCGCGCCTCTCACCCGCCTC	Cassette24_3
GCGCGCCCTCGACCCGCCTC	Cassette24_4
GCGCGCCCTCTACCCGCCTC	Cassette24_4
GCGCGCCCCTTGCCCGCCTC	Cassette24_5
GCGCGCCCCTTTCCCGCCTC	Cassette24_5
GCGCGCCTTTTAGCCGCCTC	Cassette24_6
GCGCGCCTTTTATCCGCCTC	Cassette24_6
GCGCGCCTTCCGAGCGCCTC	Cassette24_7
GCGCGCCTTCCGATCGCCTC	Cassette24_7
GCGCGCCTCTTGACGGCCTC	Cassette24_8
GCGCGCCTCTTGACTGCCTC	Cassette24_8
CCCGCCCGTATCCCGGTGTG	Cassette25_1
CCCGCCCTTATCCCGGTGTG	Cassette25_1
CCCGCCCAGCGCCCGGTGTG	Cassette25_2
CCCGCCCATCGCCCGGTGTG	Cassette25_2
CCCGCCCGTGGACCGGTGTG	Cassette25_3
CCCGCCCGTTGACCGGTGTG	Cassette25_3
CCCGCCCACAGACCGGTGTG	Cassette25_4
CCCGCCCACATACCGGTGTG	Cassette25_4
CCCGCCCGTCTGTCGGTGTG	Cassette25_5
CCCGCCCGTCTTTCGGTGTG	Cassette25_5
CCCGCCCGCAGCGCGGTGTG	Cassette25_6
CCCGCCCGCAGCTCGGTGTG	Cassette25_6
CCCGCCCATCTACGGGTGTG	Cassette25_7
CCCGCCCATCTACTGGTGTG	Cassette25_7
CCCGCCCGCCGATCGGTGTG	Cassette25_8
CCCGCCCGCCGATCTGTGTG	Cassette25_8
CCTCCCGGCCTGCCTTGACG	Cassette26_1
CCTCCCGTCCTGCCTTGACG	Cassette26_1
CCTCCCGAGGGGCCTTGACG	Cassette26_2
CCTCCCGATGGGCCTTGACG	Cassette26_2
CCTCCCGATGTACCTTGACG	Cassette26_3
CCTCCCGATTTACCTTGACG	Cassette26_3
CCTCCCGGCGGACCTTGACG	Cassette26_4
CCTCCCGGCGTACCTTGACG	Cassette26_4
CCTCCCGGTCGGCCTTGACG	Cassette26_5
CCTCCCGGTCGTCCTTGACG	Cassette26_5
CCTCCCGACCGAGCTTGACG	Cassette26_6
CCTCCCGACCGATCTTGACG	Cassette26_6
CCTCCCGATCTGTGTTGACG	Cassette26_7
CCTCCCGATCTGTTTTGACG	Cassette26_7
CCTCCCGATGGATCGTGACG	Cassette26_8
CCTCCCGATGGATCTTGACG	Cassette26_8
TGTGCCTGCGCGGTGCCCCC	Cassette27_1
TGTGCCTTCGCGGTGCCCCC	Cassette27_1
TGTGCCTAGATGGTGCCCCC	Cassette27_2
TGTGCCTATATGGTGCCCCC	Cassette27_2
TGTGCCTAGGCCGTGCCCCC	Cassette27_3
TGTGCCTAGTCCGTGCCCCC	Cassette27_3
TGTGCCTTCAGCGTGCCCCC	Cassette27_4
TGTGCCTTCATCGTGCCCCC	Cassette27_4
TGTGCCTTGGTGGTGCCCCC	Cassette27_5
TGTGCCTTGGTTGTGCCCCC	Cassette27_5
TGTGCCTACGTCGTGCCCCC	Cassette27_6
TGTGCCTACGTCTTGCCCCC	Cassette27_6
TGTGCCTACACCAGGCCCCC	Cassette27_7
TGTGCCTACACCATGCCCCC	Cassette27_7
TGTGCCTAGGTGATGCCCCC	Cassette27_8
TGTGCCTAGGTGATTCCCCC	Cassette27_8
GACGGTGGATCCCCGTGAGG	Cassette28_1
GACGGTGTATCCCCGTGAGG	Cassette28_1
GACGGTGTGCACCCGTGAGG	Cassette28_2
GACGGTGTTCACCCGTGAGG	Cassette28_2
GACGGTGTCGCTCCGTGAGG	Cassette28_3
GACGGTGTCTCTCCGTGAGG	Cassette28_3
GACGGTGCACGTCCGTGAGG	Cassette28_4
GACGGTGCACTTCCGTGAGG	Cassette28_4
GACGGTGCCTAGCCGTGAGG	Cassette28_5
GACGGTGCCTATCCGTGAGG	Cassette28_5
GACGGTGTATATGCGTGAGG	Cassette28_6
GACGGTGTATATTCGTGAGG	Cassette28_6
GACGGTGTCTCCAGGTGAGG	Cassette28_7
GACGGTGTCTCCATGTGAGG	Cassette28_7
GACGGTGTCCATACGTGAGG	Cassette28_8
GACGGTGTCCATACTTGAGG	Cassette28_8
CCCCCCGGACGGCGCACCGA	Cassette29_1
CCCCCCGTACGGCGCACCGA	Cassette29_1
CCCCCCGCGACGCGCACCGA	Cassette29_2
CCCCCCGCTACGCGCACCGA	Cassette29_2
CCCCCCGTAGCCCGCACCGA	Cassette29_3
CCCCCCGTATCCCGCACCGA	Cassette29_3
CCCCCCGCGCGCCGCACCGA	Cassette29_4
CCCCCCGCGCTCCGCACCGA	Cassette29_4
CCCCCCGTAAGGAGCACCGA	Cassette29_5
CCCCCCGTAAGTAGCACCGA	Cassette29_5
CCCCCCGTGCCGGGCACCGA	Cassette29_6
CCCCCCGTGCCGTGCACCGA	Cassette29_6
CCCCCCGCAAGCCGCACCGA	Cassette29_7
CCCCCCGCAAGCCTCACCGA	Cassette29_7
CCCCCCGTGCGCAGGACCGA	Cassette29_8
CCCCCCGTGCGCAGTACCGA	Cassette29_8
GAGGCGCGTTGATCTCCCAG	Cassette30_1
GAGGCGCTTTGATCTCCCAG	Cassette30_1
GAGGCGCGGCCATCTCCCAG	Cassette30_2
GAGGCGCGTCCATCTCCCAG	Cassette30_2
GAGGCGCGCGGCTCTCCCAG	Cassette30_3
GAGGCGCGCTGCTCTCCCAG	Cassette30_3
GAGGCGCATCGCTCTCCCAG	Cassette30_4
GAGGCGCATCTCTCTCCCAG	Cassette30_4
GAGGCGCACTCGTCTCCCAG	Cassette30_5
GAGGCGCACTCTTCTCCCAG	Cassette30_5
GAGGCGCGTTCCGCTCCCAG	Cassette30_6
GAGGCGCGTTCCTCTCCCAG	Cassette30_6
GAGGCGCGCTCAGGTCCCAG	Cassette30_7
GAGGCGCGCTCAGTTCCCAG	Cassette30_7
GAGGCGCGCCCCGCGCCCAG	Cassette30_8
GAGGCGCGCCCCGCTCCCAG	Cassette30_8
CCGATCTGTTAGATTCCTCT	Cassette31_1
CCGATCTTTTAGATTCCTCT	Cassette31_1
CCGATCTTGCTGATTCCTCT	Cassette31_2
CCGATCTTTCTGATTCCTCT	Cassette31_2
CCGATCTCCGTGCTTCCTCT	Cassette31_3
CCGATCTCCTTGCTTCCTCT	Cassette31_3
CCGATCTCCTGGAATCCTCT	Cassette31_4
CCGATCTCCTTGAATCCTCT	Cassette31_4
CCGATCTCTCAGCTTCCTCT	Cassette31_5
CCGATCTCTCATCTTCCTCT	Cassette31_5
CCGATCTCTCTGGATCCTCT	Cassette31_6
CCGATCTCTCTGTATCCTCT	Cassette31_6
CCGATCTTCCAGCGTCCTCT	Cassette31_7
CCGATCTTCCAGCTTCCTCT	Cassette31_7
CCGATCTTTTTGCTGCCTCT	Cassette31_8
CCGATCTTTTTGCTTCCTCT	Cassette31_8
CCAGATTGAACTGCCGGTAC	Cassette32_1
CCAGATTTAACTGCCGGTAC	Cassette32_1
CCAGATTAGTTTGCCGGTAC	Cassette32_2
CCAGATTATTTTGCCGGTAC	Cassette32_2
CCAGATTACGCCGCCGGTAC	Cassette32_3
CCAGATTACTCCGCCGGTAC	Cassette32_3
CCAGATTCATGCGCCGGTAC	Cassette32_4
CCAGATTCATTCGCCGGTAC	Cassette32_4
CCAGATTCCATGGCCGGTAC	Cassette32_5
CCAGATTCCATTGCCGGTAC	Cassette32_5
CCAGATTAAATCGCCGGTAC	Cassette32_6
CCAGATTAAATCTCCGGTAC	Cassette32_6
CCAGATTAATCTAGCGGTAC	Cassette32_7
CCAGATTAATCTATCGGTAC	Cassette32_7
CCAGATTACATTACGGGTAC	Cassette32_8
CCAGATTACATTACTGGTAC	Cassette32_8
CTCTGCCGAGACCGGGCCGC	Cassette33_1
CTCTGCCTAGACCGGGCCGC	Cassette33_1
CTCTGCCCGTGCCGGGCCGC	Cassette33_2
CTCTGCCCTTGCCGGGCCGC	Cassette33_2
CTCTGCCCGGAACGGGCCGC	Cassette33_3
CTCTGCCCGTAACGGGCCGC	Cassette33_3
CTCTGCCGATGACGGGCCGC	Cassette33_4
CTCTGCCGATTACGGGCCGC	Cassette33_4
CTCTGCCGGGGGCGGGCCGC	Cassette33_5
CTCTGCCGGGGTCGGGCCGC	Cassette33_5
CTCTGCCCAGGAGGGGCCGC	Cassette33_6
CTCTGCCCAGGATGGGCCGC	Cassette33_6
CTCTGCCCATACTGGGCCGC	Cassette33_7
CTCTGCCCATACTTGGCCGC	Cassette33_7
CTCTGCCCGTGATGGGCCGC	Cassette33_8
CTCTGCCCGTGATGTGCCGC	Cassette33_8
GTACCGGGTTGCCCCCCCGT	Cassette34_1
GTACCGGTTTGCCCCCCCGT	Cassette34_1
GTACCGGAGCACCCCCCCGT	Cassette34_2
GTACCGGATCACCCCCCCGT	Cassette34_2
GTACCGGGTGATCCCCCCGT	Cassette34_3
GTACCGGGTTATCCCCCCGT	Cassette34_3
GTACCGGACTGTCCCCCCGT	Cassette34_4
GTACCGGACTTTCCCCCCGT	Cassette34_4
GTACCGGGTCGGTCCCCCGT	Cassette34_5
GTACCGGGTCGTTCCCCCGT	Cassette34_5
GTACCGGGCTACGCCCCCGT	Cassette34_6
GTACCGGGCTACTCCCCCGT	Cassette34_6
GTACCGGATCGTCGCCCCGT	Cassette34_7
GTACCGGATCGTCTCCCCGT	Cassette34_7
GTACCGGGCCATTCGCCCGT	Cassette34_8
GTACCGGGCCATTCTCCCGT	Cassette34_8
CCGCCCCGTAGTTTGTTGCG	Cassette35_1
CCGCCCCTTAGTTTGTTGCG	Cassette35_1
CCGCCCCAGCATTTGTTGCG	Cassette35_2
CCGCCCCATCATTTGTTGCG	Cassette35_2
CCGCCCCCTGACTTGTTGCG	Cassette35_3
CCGCCCCCTTACTTGTTGCG	Cassette35_3
CCGCCCCACAGCTTGTTGCG	Cassette35_4
CCGCCCCACATCTTGTTGCG	Cassette35_4
CCGCCCCCTCGGCTGTTGCG	Cassette35_5
CCGCCCCCTCGTCTGTTGCG	Cassette35_5
CCGCCCCCCAATGTGTTGCG	Cassette35_6
CCGCCCCCCAATTTGTTGCG	Cassette35_6
CCGCCCCATCGCTGGTTGCG	Cassette35_7
CCGCCCCATCGCTTGTTGCG	Cassette35_7
CCGCCCCCCAGCCTGTTGCG	Cassette35_8
CCGCCCCCCAGCCTTTTGCG	Cassette35_8
CCGTTTGGGCCGAGCCGGCC	Cassette36_1
CCGTTTGTGCCGAGCCGGCC	Cassette36_1
CCGTTTGCGGTGAGCCGGCC	Cassette36_2
CCGTTTGCTGTGAGCCGGCC	Cassette36_2
CCGTTTGTTGTAAGCCGGCC	Cassette36_3
CCGTTTGTTTTAAGCCGGCC	Cassette36_3
CCGTTTGTTCGGCGCCGGCC	Cassette36_4
CCGTTTGTTCTGCGCCGGCC	Cassette36_4
CCGTTTGTGGCGCGCCGGCC	Cassette36_5
CCGTTTGTGGCTCGCCGGCC	Cassette36_5
CCGTTTGCTCCAGGCCGGCC	Cassette36_6
CCGTTTGCTCCATGCCGGCC	Cassette36_6
CCGTTTGCGCTAAGCCGGCC	Cassette36_7
CCGTTTGCGCTAATCCGGCC	Cassette36_7
CCGTTTGCGGCAAGGCGGCC	Cassette36_8
CCGTTTGCGGCAAGTCGGCC	Cassette36_8
